1,pending,3,1,ACCOUNT LOCK WARNING,Your account will be blocked by Administrator admin3. Please contact them immediately to discuss
2,pending,3,1,ACCOUNT LOCK WARNING,Your account will be blocked by Administrator admin3. Please contact them immediately to discuss
5,pending,1,3,ACCOUNT LOCK WARNING,Your account will be blocked by Administrator admin. Please contact them immediately to discuss
7,pending,3,0,Admin Reply,not happening mate
10,pending,1,3,Admin Reply,not happening
13,pending,1,3,Admin Reply,honestly, pissoff
16,pending,1,2,ACCOUNT LOCK WARNING,Your account will be blocked by Administrator admin. Please contact them immediately to discuss
pending,1,2,ACCOUNT LOCK WARNING,Your account will be blocked by Administrator admin. Please contact them immediately to discuss
3,pending,1,3,Admin Reply,no mate not locked
4,pending,3,1,Admin Reply,
5,pending,3,1,Admin Reply,no primary admin you can not lock my account
3,pending,1,3,Admin Reply,admin 1 stop messing about
